Aisle,Level,Position,Location,Description
ARIA,01,01,ARIA 01 01,Aria product specific - Aisle ARIA Level 01 Position 01
ARIA,01,02,ARIA 01 02,Aria product specific - Aisle ARIA Level 01 Position 02
ARIA,01,03,ARIA 01 03,Aria product specific - Aisle ARIA Level 01 Position 03
ARIA,01,04,ARIA 01 04,Aria product specific - Aisle ARIA Level 01 Position 04
ARIA,01,05,ARIA 01 05,Aria product specific - Aisle ARIA Level 01 Position 05
ARIA,01,06,ARIA 01 06,Aria product specific - Aisle ARIA Level 01 Position 06
ARIA,01,07,ARIA 01 07,Aria product specific - Aisle ARIA Level 01 Position 07
ARIA,02,01,ARIA 02 01,Aria product specific - Aisle ARIA Level 02 Position 01
ARIA,02,02,ARIA 02 02,Aria product specific - Aisle ARIA Level 02 Position 02
ARIA,02,03,ARIA 02 03,Aria product specific - Aisle ARIA Level 02 Position 03
ARIA,02,04,ARIA 02 04,Aria product specific - Aisle ARIA Level 02 Position 04
ARIA,02,05,ARIA 02 05,Aria product specific - Aisle ARIA Level 02 Position 05
ARIA,02,06,ARIA 02 06,Aria product specific - Aisle ARIA Level 02 Position 06
ARIA,02,07,ARIA 02 07,Aria product specific - Aisle ARIA Level 02 Position 07
ARIA,03,01,ARIA 03 01,Aria product specific - Aisle ARIA Level 03 Position 01
ARIA,03,02,ARIA 03 02,Aria product specific - Aisle ARIA Level 03 Position 02
ARIA,03,03,ARIA 03 03,Aria product specific - Aisle ARIA Level 03 Position 03
ARIA,03,04,ARIA 03 04,Aria product specific - Aisle ARIA Level 03 Position 04
ARIA,03,05,ARIA 03 05,Aria product specific - Aisle ARIA Level 03 Position 05
ARIA,03,06,ARIA 03 06,Aria product specific - Aisle ARIA Level 03 Position 06
ARIA,03,07,ARIA 03 07,Aria product specific - Aisle ARIA Level 03 Position 07
ARIA,04,01,ARIA 04 01,Aria product specific - Aisle ARIA Level 04 Position 01
ARIA,04,02,ARIA 04 02,Aria product specific - Aisle ARIA Level 04 Position 02
ARIA,04,03,ARIA 04 03,Aria product specific - Aisle ARIA Level 04 Position 03
ARIA,04,04,ARIA 04 04,Aria product specific - Aisle ARIA Level 04 Position 04
ARIA,04,05,ARIA 04 05,Aria product specific - Aisle ARIA Level 04 Position 05
ARIA,04,06,ARIA 04 06,Aria product specific - Aisle ARIA Level 04 Position 06
ARIA,04,07,ARIA 04 07,Aria product specific - Aisle ARIA Level 04 Position 07
ARIA,05,01,ARIA 05 01,Aria product specific - Aisle ARIA Level 05 Position 01
ARIA,05,02,ARIA 05 02,Aria product specific - Aisle ARIA Level 05 Position 02
ARIA,05,03,ARIA 05 03,Aria product specific - Aisle ARIA Level 05 Position 03
ARIA,05,04,ARIA 05 04,Aria product specific - Aisle ARIA Level 05 Position 04
ARIA,05,05,ARIA 05 05,Aria product specific - Aisle ARIA Level 05 Position 05
ARIA,05,06,ARIA 05 06,Aria product specific - Aisle ARIA Level 05 Position 06
ARIA,05,07,ARIA 05 07,Aria product specific - Aisle ARIA Level 05 Position 07
ARIA,06,01,ARIA 06 01,Aria product specific - Aisle ARIA Level 06 Position 01
ARIA,06,02,ARIA 06 02,Aria product specific - Aisle ARIA Level 06 Position 02
ARIA,06,03,ARIA 06 03,Aria product specific - Aisle ARIA Level 06 Position 03
ARIA,06,04,ARIA 06 04,Aria product specific - Aisle ARIA Level 06 Position 04
ARIA,06,05,ARIA 06 05,Aria product specific - Aisle ARIA Level 06 Position 05
ARIA,06,06,ARIA 06 06,Aria product specific - Aisle ARIA Level 06 Position 06
ARIA,06,07,ARIA 06 07,Aria product specific - Aisle ARIA Level 06 Position 07
ARIA,07,01,ARIA 07 01,Aria product specific - Aisle ARIA Level 07 Position 01
ARIA,07,02,ARIA 07 02,Aria product specific - Aisle ARIA Level 07 Position 02
ARIA,07,03,ARIA 07 03,Aria product specific - Aisle ARIA Level 07 Position 03
ARIA,07,04,ARIA 07 04,Aria product specific - Aisle ARIA Level 07 Position 04
ARIA,07,05,ARIA 07 05,Aria product specific - Aisle ARIA Level 07 Position 05
ARIA,07,06,ARIA 07 06,Aria product specific - Aisle ARIA Level 07 Position 06
ARIA,07,07,ARIA 07 07,Aria product specific - Aisle ARIA Level 07 Position 07
ARIA,08,01,ARIA 08 01,Aria product specific - Aisle ARIA Level 08 Position 01
ARIA,08,02,ARIA 08 02,Aria product specific - Aisle ARIA Level 08 Position 02
ARIA,08,03,ARIA 08 03,Aria product specific - Aisle ARIA Level 08 Position 03
ARIA,08,04,ARIA 08 04,Aria product specific - Aisle ARIA Level 08 Position 04
ARIA,08,05,ARIA 08 05,Aria product specific - Aisle ARIA Level 08 Position 05
ARIA,08,06,ARIA 08 06,Aria product specific - Aisle ARIA Level 08 Position 06
ARIA,08,07,ARIA 08 07,Aria product specific - Aisle ARIA Level 08 Position 07
ARIA,09,01,ARIA 09 01,Aria product specific - Aisle ARIA Level 09 Position 01
ARIA,09,02,ARIA 09 02,Aria product specific - Aisle ARIA Level 09 Position 02
ARIA,09,03,ARIA 09 03,Aria product specific - Aisle ARIA Level 09 Position 03
ARIA,09,04,ARIA 09 04,Aria product specific - Aisle ARIA Level 09 Position 04
ARIA,09,05,ARIA 09 05,Aria product specific - Aisle ARIA Level 09 Position 05
ARIA,09,06,ARIA 09 06,Aria product specific - Aisle ARIA Level 09 Position 06
ARIA,09,07,ARIA 09 07,Aria product specific - Aisle ARIA Level 09 Position 07
ARIA,10,01,ARIA 10 01,Aria product specific - Aisle ARIA Level 10 Position 01
ARIA,10,02,ARIA 10 02,Aria product specific - Aisle ARIA Level 10 Position 02
ARIA,10,03,ARIA 10 03,Aria product specific - Aisle ARIA Level 10 Position 03
ARIA,10,04,ARIA 10 04,Aria product specific - Aisle ARIA Level 10 Position 04
ARIA,10,05,ARIA 10 05,Aria product specific - Aisle ARIA Level 10 Position 05
ARIA,10,06,ARIA 10 06,Aria product specific - Aisle ARIA Level 10 Position 06
ARIA,10,07,ARIA 10 07,Aria product specific - Aisle ARIA Level 10 Position 07
ARIA,11,01,ARIA 11 01,Aria product specific - Aisle ARIA Level 11 Position 01
ARIA,11,02,ARIA 11 02,Aria product specific - Aisle ARIA Level 11 Position 02
ARIA,11,03,ARIA 11 03,Aria product specific - Aisle ARIA Level 11 Position 03
ARIA,11,04,ARIA 11 04,Aria product specific - Aisle ARIA Level 11 Position 04
ARIA,11,05,ARIA 11 05,Aria product specific - Aisle ARIA Level 11 Position 05
ARIA,11,06,ARIA 11 06,Aria product specific - Aisle ARIA Level 11 Position 06
ARIA,11,07,ARIA 11 07,Aria product specific - Aisle ARIA Level 11 Position 07
BP,01,01,BP 01 01,Blue Phantom specific - Aisle BP Level 01 Position 01
BP,01,02,BP 01 02,Blue Phantom specific - Aisle BP Level 01 Position 02
BP,01,03,BP 01 03,Blue Phantom specific - Aisle BP Level 01 Position 03
BP,01,04,BP 01 04,Blue Phantom specific - Aisle BP Level 01 Position 04
BP,01,05,BP 01 05,Blue Phantom specific - Aisle BP Level 01 Position 05
BP,01,06,BP 01 06,Blue Phantom specific - Aisle BP Level 01 Position 06
BP,01,07,BP 01 07,Blue Phantom specific - Aisle BP Level 01 Position 07
BP,01,08,BP 01 08,Blue Phantom specific - Aisle BP Level 01 Position 08
BP,01,09,BP 01 09,Blue Phantom specific - Aisle BP Level 01 Position 09
BP,02,01,BP 02 01,Blue Phantom specific - Aisle BP Level 02 Position 01
BP,02,02,BP 02 02,Blue Phantom specific - Aisle BP Level 02 Position 02
BP,02,03,BP 02 03,Blue Phantom specific - Aisle BP Level 02 Position 03
BP,02,04,BP 02 04,Blue Phantom specific - Aisle BP Level 02 Position 04
BP,02,05,BP 02 05,Blue Phantom specific - Aisle BP Level 02 Position 05
BP,02,06,BP 02 06,Blue Phantom specific - Aisle BP Level 02 Position 06
BP,02,07,BP 02 07,Blue Phantom specific - Aisle BP Level 02 Position 07
BP,02,08,BP 02 08,Blue Phantom specific - Aisle BP Level 02 Position 08
BP,02,09,BP 02 09,Blue Phantom specific - Aisle BP Level 02 Position 09
BP,03,01,BP 03 01,Blue Phantom specific - Aisle BP Level 03 Position 01
BP,03,02,BP 03 02,Blue Phantom specific - Aisle BP Level 03 Position 02
BP,03,03,BP 03 03,Blue Phantom specific - Aisle BP Level 03 Position 03
BP,03,04,BP 03 04,Blue Phantom specific - Aisle BP Level 03 Position 04
BP,03,05,BP 03 05,Blue Phantom specific - Aisle BP Level 03 Position 05
BP,03,06,BP 03 06,Blue Phantom specific - Aisle BP Level 03 Position 06
BP,03,07,BP 03 07,Blue Phantom specific - Aisle BP Level 03 Position 07
BP,03,08,BP 03 08,Blue Phantom specific - Aisle BP Level 03 Position 08
BP,03,09,BP 03 09,Blue Phantom specific - Aisle BP Level 03 Position 09
BP,04,01,BP 04 01,Blue Phantom specific - Aisle BP Level 04 Position 01
BP,04,02,BP 04 02,Blue Phantom specific - Aisle BP Level 04 Position 02
BP,04,03,BP 04 03,Blue Phantom specific - Aisle BP Level 04 Position 03
BP,04,04,BP 04 04,Blue Phantom specific - Aisle BP Level 04 Position 04
BP,04,05,BP 04 05,Blue Phantom specific - Aisle BP Level 04 Position 05
BP,04,06,BP 04 06,Blue Phantom specific - Aisle BP Level 04 Position 06
BP,04,07,BP 04 07,Blue Phantom specific - Aisle BP Level 04 Position 07
BP,04,08,BP 04 08,Blue Phantom specific - Aisle BP Level 04 Position 08
BP,04,09,BP 04 09,Blue Phantom specific - Aisle BP Level 04 Position 09
CS,A1,A1,CS A1 A1,Customer Service  - Back Side - Aisle CS Level A1 Position A1
CS,A1,B1,CS A1 B1,Customer Service  - Back Side - Aisle CS Level A1 Position B1
CS,A1,C1,CS A1 C1,Customer Service  - Back Side - Aisle CS Level A1 Position C1
CS,A1,D1,CS A1 D1,Customer Service  - Back Side - Aisle CS Level A1 Position D1
CS,A1,E1,CS A1 E1,Customer Service  - Back Side - Aisle CS Level A1 Position E1
CS,A1,F1,CS A1 F1,Customer Service  - Back Side - Aisle CS Level A1 Position F1
CS,A2,A1,CS A2 A1,Customer Service  - Back Side - Aisle CS Level A2 Position A1
CS,A2,B1,CS A2 B1,Customer Service  - Back Side - Aisle CS Level A2 Position B1
CS,A2,C1,CS A2 C1,Customer Service  - Back Side - Aisle CS Level A2 Position C1
CS,A2,D1,CS A2 D1,Customer Service  - Back Side - Aisle CS Level A2 Position D1
CS,A2,E1,CS A2 E1,Customer Service  - Back Side - Aisle CS Level A2 Position E1
CS,A2,F1,CS A2 F1,Customer Service  - Back Side - Aisle CS Level A2 Position F1
CS,A3,A1,CS A3 A1,Customer Service  - Back Side - Aisle CS Level A3 Position A1
CS,A3,B1,CS A3 B1,Customer Service  - Back Side - Aisle CS Level A3 Position B1
CS,A3,C1,CS A3 C1,Customer Service  - Back Side - Aisle CS Level A3 Position C1
CS,A3,D1,CS A3 D1,Customer Service  - Back Side - Aisle CS Level A3 Position D1
CS,A3,E1,CS A3 E1,Customer Service  - Back Side - Aisle CS Level A3 Position E1
CS,A3,F1,CS A3 F1,Customer Service  - Back Side - Aisle CS Level A3 Position F1
CS,A4,A1,CS A4 A1,Customer Service  - Back Side - Aisle CS Level A4 Position A1
CS,A4,B1,CS A4 B1,Customer Service  - Back Side - Aisle CS Level A4 Position B1
CS,A4,C1,CS A4 C1,Customer Service  - Back Side - Aisle CS Level A4 Position C1
CS,A4,D1,CS A4 D1,Customer Service  - Back Side - Aisle CS Level A4 Position D1
CS,A4,E1,CS A4 E1,Customer Service  - Back Side - Aisle CS Level A4 Position E1
CS,A4,F1,CS A4 F1,Customer Service  - Back Side - Aisle CS Level A4 Position F1
CS,A5,A1,CS A5 A1,Customer Service  - Back Side - Aisle CS Level A5 Position A1
CS,A5,B1,CS A5 B1,Customer Service  - Back Side - Aisle CS Level A5 Position B1
CS,A5,C1,CS A5 C1,Customer Service  - Back Side - Aisle CS Level A5 Position C1
CS,A5,D1,CS A5 D1,Customer Service  - Back Side - Aisle CS Level A5 Position D1
CS,A5,E1,CS A5 E1,Customer Service  - Back Side - Aisle CS Level A5 Position E1
CS,A5,F1,CS A5 F1,Customer Service  - Back Side - Aisle CS Level A5 Position F1
CS,A6,A1,CS A6 A1,Customer Service  - Back Side - Aisle CS Level A6 Position A1
CS,A6,B1,CS A6 B1,Customer Service  - Back Side - Aisle CS Level A6 Position B1
CS,A6,C1,CS A6 C1,Customer Service  - Back Side - Aisle CS Level A6 Position C1
CS,A6,D1,CS A6 D1,Customer Service  - Back Side - Aisle CS Level A6 Position D1
CS,A6,E1,CS A6 E1,Customer Service  - Back Side - Aisle CS Level A6 Position E1
CS,A6,F1,CS A6 F1,Customer Service  - Back Side - Aisle CS Level A6 Position F1
CS,A7,A1,CS A7 A1,Customer Service  - Back Side - Aisle CS Level A7 Position A1
CS,A7,B1,CS A7 B1,Customer Service  - Back Side - Aisle CS Level A7 Position B1
CS,A7,C1,CS A7 C1,Customer Service  - Back Side - Aisle CS Level A7 Position C1
CS,A7,D1,CS A7 D1,Customer Service  - Back Side - Aisle CS Level A7 Position D1
CS,A7,E1,CS A7 E1,Customer Service  - Back Side - Aisle CS Level A7 Position E1
CS,A7,F1,CS A7 F1,Customer Service  - Back Side - Aisle CS Level A7 Position F1
CS,A8,A1,CS A8 A1,Customer Service  - Back Side - Aisle CS Level A8 Position A1
CS,A8,B1,CS A8 B1,Customer Service  - Back Side - Aisle CS Level A8 Position B1
CS,A8,C1,CS A8 C1,Customer Service  - Back Side - Aisle CS Level A8 Position C1
CS,A8,D1,CS A8 D1,Customer Service  - Back Side - Aisle CS Level A8 Position D1
CS,A8,E1,CS A8 E1,Customer Service  - Back Side - Aisle CS Level A8 Position E1
CS,A8,F1,CS A8 F1,Customer Service  - Back Side - Aisle CS Level A8 Position F1
CS,A9,A1,CS A9 A1,Customer Service  - Back Side - Aisle CS Level A9 Position A1
CS,A9,B1,CS A9 B1,Customer Service  - Back Side - Aisle CS Level A9 Position B1
CS,A9,C1,CS A9 C1,Customer Service  - Back Side - Aisle CS Level A9 Position C1
CS,A9,D1,CS A9 D1,Customer Service  - Back Side - Aisle CS Level A9 Position D1
CS,A9,E1,CS A9 E1,Customer Service  - Back Side - Aisle CS Level A9 Position E1
CS,A9,F1,CS A9 F1,Customer Service  - Back Side - Aisle CS Level A9 Position F1
CS,A10,A1,CS A10 A1,Customer Service  - Back Side - Aisle CS Level A10 Position A1
CS,A10,B1,CS A10 B1,Customer Service  - Back Side - Aisle CS Level A10 Position B1
CS,A10,C1,CS A10 C1,Customer Service  - Back Side - Aisle CS Level A10 Position C1
CS,A10,D1,CS A10 D1,Customer Service  - Back Side - Aisle CS Level A10 Position D1
CS,A10,E1,CS A10 E1,Customer Service  - Back Side - Aisle CS Level A10 Position E1
CS,A10,F1,CS A10 F1,Customer Service  - Back Side - Aisle CS Level A10 Position F1
CS,B1,A1,CS B1 A1,Customer Service  - Back Side - Aisle CS Level B1 Position A1
CS,B1,B1,CS B1 B1,Customer Service  - Back Side - Aisle CS Level B1 Position B1
CS,B1,C1,CS B1 C1,Customer Service  - Back Side - Aisle CS Level B1 Position C1
CS,B1,D1,CS B1 D1,Customer Service  - Back Side - Aisle CS Level B1 Position D1
CS,B1,E1,CS B1 E1,Customer Service  - Back Side - Aisle CS Level B1 Position E1
CS,B1,F1,CS B1 F1,Customer Service  - Back Side - Aisle CS Level B1 Position F1
CS,B2,A1,CS B2 A1,Customer Service  - Back Side - Aisle CS Level B2 Position A1
CS,B2,B1,CS B2 B1,Customer Service  - Back Side - Aisle CS Level B2 Position B1
CS,B2,C1,CS B2 C1,Customer Service  - Back Side - Aisle CS Level B2 Position C1
CS,B2,D1,CS B2 D1,Customer Service  - Back Side - Aisle CS Level B2 Position D1
CS,B2,E1,CS B2 E1,Customer Service  - Back Side - Aisle CS Level B2 Position E1
CS,B2,F1,CS B2 F1,Customer Service  - Back Side - Aisle CS Level B2 Position F1
CS,B3,A1,CS B3 A1,Customer Service  - Back Side - Aisle CS Level B3 Position A1
CS,B3,B1,CS B3 B1,Customer Service  - Back Side - Aisle CS Level B3 Position B1
CS,B3,C1,CS B3 C1,Customer Service  - Back Side - Aisle CS Level B3 Position C1
CS,B3,D1,CS B3 D1,Customer Service  - Back Side - Aisle CS Level B3 Position D1
CS,B3,E1,CS B3 E1,Customer Service  - Back Side - Aisle CS Level B3 Position E1
CS,B3,F1,CS B3 F1,Customer Service  - Back Side - Aisle CS Level B3 Position F1
CS,B4,A1,CS B4 A1,Customer Service  - Back Side - Aisle CS Level B4 Position A1
CS,B4,B1,CS B4 B1,Customer Service  - Back Side - Aisle CS Level B4 Position B1
CS,B4,C1,CS B4 C1,Customer Service  - Back Side - Aisle CS Level B4 Position C1
CS,B4,D1,CS B4 D1,Customer Service  - Back Side - Aisle CS Level B4 Position D1
CS,B4,E1,CS B4 E1,Customer Service  - Back Side - Aisle CS Level B4 Position E1
CS,B4,F1,CS B4 F1,Customer Service  - Back Side - Aisle CS Level B4 Position F1
CS,B5,A1,CS B5 A1,Customer Service  - Back Side - Aisle CS Level B5 Position A1
CS,B5,B1,CS B5 B1,Customer Service  - Back Side - Aisle CS Level B5 Position B1
CS,B5,C1,CS B5 C1,Customer Service  - Back Side - Aisle CS Level B5 Position C1
CS,B5,D1,CS B5 D1,Customer Service  - Back Side - Aisle CS Level B5 Position D1
CS,B5,E1,CS B5 E1,Customer Service  - Back Side - Aisle CS Level B5 Position E1
CS,B5,F1,CS B5 F1,Customer Service  - Back Side - Aisle CS Level B5 Position F1
CS,B6,A1,CS B6 A1,Customer Service  - Back Side - Aisle CS Level B6 Position A1
CS,B6,B1,CS B6 B1,Customer Service  - Back Side - Aisle CS Level B6 Position B1
CS,B6,C1,CS B6 C1,Customer Service  - Back Side - Aisle CS Level B6 Position C1
CS,B6,D1,CS B6 D1,Customer Service  - Back Side - Aisle CS Level B6 Position D1
CS,B6,E1,CS B6 E1,Customer Service  - Back Side - Aisle CS Level B6 Position E1
CS,B6,F1,CS B6 F1,Customer Service  - Back Side - Aisle CS Level B6 Position F1
CS,B7,A1,CS B7 A1,Customer Service  - Back Side - Aisle CS Level B7 Position A1
CS,B7,B1,CS B7 B1,Customer Service  - Back Side - Aisle CS Level B7 Position B1
CS,B7,C1,CS B7 C1,Customer Service  - Back Side - Aisle CS Level B7 Position C1
CS,B7,D1,CS B7 D1,Customer Service  - Back Side - Aisle CS Level B7 Position D1
CS,B7,E1,CS B7 E1,Customer Service  - Back Side - Aisle CS Level B7 Position E1
CS,B7,F1,CS B7 F1,Customer Service  - Back Side - Aisle CS Level B7 Position F1
CS,B8,A1,CS B8 A1,Customer Service  - Back Side - Aisle CS Level B8 Position A1
CS,B8,B1,CS B8 B1,Customer Service  - Back Side - Aisle CS Level B8 Position B1
CS,B8,C1,CS B8 C1,Customer Service  - Back Side - Aisle CS Level B8 Position C1
CS,B8,D1,CS B8 D1,Customer Service  - Back Side - Aisle CS Level B8 Position D1
CS,B8,E1,CS B8 E1,Customer Service  - Back Side - Aisle CS Level B8 Position E1
CS,B8,F1,CS B8 F1,Customer Service  - Back Side - Aisle CS Level B8 Position F1
CS,B9,A1,CS B9 A1,Customer Service  - Back Side - Aisle CS Level B9 Position A1
CS,B9,B1,CS B9 B1,Customer Service  - Back Side - Aisle CS Level B9 Position B1
CS,B9,C1,CS B9 C1,Customer Service  - Back Side - Aisle CS Level B9 Position C1
CS,B9,D1,CS B9 D1,Customer Service  - Back Side - Aisle CS Level B9 Position D1
CS,B9,E1,CS B9 E1,Customer Service  - Back Side - Aisle CS Level B9 Position E1
CS,B9,F1,CS B9 F1,Customer Service  - Back Side - Aisle CS Level B9 Position F1
CS,B10,A1,CS B10 A1,Customer Service  - Back Side - Aisle CS Level B10 Position A1
CS,B10,B1,CS B10 B1,Customer Service  - Back Side - Aisle CS Level B10 Position B1
CS,B10,C1,CS B10 C1,Customer Service  - Back Side - Aisle CS Level B10 Position C1
CS,B10,D1,CS B10 D1,Customer Service  - Back Side - Aisle CS Level B10 Position D1
CS,B10,E1,CS B10 E1,Customer Service  - Back Side - Aisle CS Level B10 Position E1
CS,B10,F1,CS B10 F1,Customer Service  - Back Side - Aisle CS Level B10 Position F1
CS,C1,A1,CS C1 A1,Customer Service  - Back Side - Aisle CS Level C1 Position A1
CS,C1,B1,CS C1 B1,Customer Service  - Back Side - Aisle CS Level C1 Position B1
CS,C1,C1,CS C1 C1,Customer Service  - Back Side - Aisle CS Level C1 Position C1
CS,C1,D1,CS C1 D1,Customer Service  - Back Side - Aisle CS Level C1 Position D1
CS,C1,E1,CS C1 E1,Customer Service  - Back Side - Aisle CS Level C1 Position E1
CS,C1,F1,CS C1 F1,Customer Service  - Back Side - Aisle CS Level C1 Position F1
CS,C2,A1,CS C2 A1,Customer Service  - Back Side - Aisle CS Level C2 Position A1
CS,C2,B1,CS C2 B1,Customer Service  - Back Side - Aisle CS Level C2 Position B1
CS,C2,C1,CS C2 C1,Customer Service  - Back Side - Aisle CS Level C2 Position C1
CS,C2,D1,CS C2 D1,Customer Service  - Back Side - Aisle CS Level C2 Position D1
CS,C2,E1,CS C2 E1,Customer Service  - Back Side - Aisle CS Level C2 Position E1
CS,C2,F1,CS C2 F1,Customer Service  - Back Side - Aisle CS Level C2 Position F1
CS,C3,A1,CS C3 A1,Customer Service  - Back Side - Aisle CS Level C3 Position A1
CS,C3,B1,CS C3 B1,Customer Service  - Back Side - Aisle CS Level C3 Position B1
CS,C3,C1,CS C3 C1,Customer Service  - Back Side - Aisle CS Level C3 Position C1
CS,C3,D1,CS C3 D1,Customer Service  - Back Side - Aisle CS Level C3 Position D1
CS,C3,E1,CS C3 E1,Customer Service  - Back Side - Aisle CS Level C3 Position E1
CS,C3,F1,CS C3 F1,Customer Service  - Back Side - Aisle CS Level C3 Position F1
CS,C4,A1,CS C4 A1,Customer Service  - Back Side - Aisle CS Level C4 Position A1
CS,C4,B1,CS C4 B1,Customer Service  - Back Side - Aisle CS Level C4 Position B1
CS,C4,C1,CS C4 C1,Customer Service  - Back Side - Aisle CS Level C4 Position C1
CS,C4,D1,CS C4 D1,Customer Service  - Back Side - Aisle CS Level C4 Position D1
CS,C4,E1,CS C4 E1,Customer Service  - Back Side - Aisle CS Level C4 Position E1
CS,C4,F1,CS C4 F1,Customer Service  - Back Side - Aisle CS Level C4 Position F1
CS,C5,A1,CS C5 A1,Customer Service  - Back Side - Aisle CS Level C5 Position A1
CS,C5,B1,CS C5 B1,Customer Service  - Back Side - Aisle CS Level C5 Position B1
CS,C5,C1,CS C5 C1,Customer Service  - Back Side - Aisle CS Level C5 Position C1
CS,C5,D1,CS C5 D1,Customer Service  - Back Side - Aisle CS Level C5 Position D1
CS,C5,E1,CS C5 E1,Customer Service  - Back Side - Aisle CS Level C5 Position E1
CS,C5,F1,CS C5 F1,Customer Service  - Back Side - Aisle CS Level C5 Position F1
CS,C6,A1,CS C6 A1,Customer Service  - Back Side - Aisle CS Level C6 Position A1
CS,C6,B1,CS C6 B1,Customer Service  - Back Side - Aisle CS Level C6 Position B1
CS,C6,C1,CS C6 C1,Customer Service  - Back Side - Aisle CS Level C6 Position C1
CS,C6,D1,CS C6 D1,Customer Service  - Back Side - Aisle CS Level C6 Position D1
CS,C6,E1,CS C6 E1,Customer Service  - Back Side - Aisle CS Level C6 Position E1
CS,C6,F1,CS C6 F1,Customer Service  - Back Side - Aisle CS Level C6 Position F1
CS,C7,A1,CS C7 A1,Customer Service  - Back Side - Aisle CS Level C7 Position A1
CS,C7,B1,CS C7 B1,Customer Service  - Back Side - Aisle CS Level C7 Position B1
CS,C7,C1,CS C7 C1,Customer Service  - Back Side - Aisle CS Level C7 Position C1
CS,C7,D1,CS C7 D1,Customer Service  - Back Side - Aisle CS Level C7 Position D1
CS,C7,E1,CS C7 E1,Customer Service  - Back Side - Aisle CS Level C7 Position E1
CS,C7,F1,CS C7 F1,Customer Service  - Back Side - Aisle CS Level C7 Position F1
CS,C8,A1,CS C8 A1,Customer Service  - Back Side - Aisle CS Level C8 Position A1
CS,C8,B1,CS C8 B1,Customer Service  - Back Side - Aisle CS Level C8 Position B1
CS,C8,C1,CS C8 C1,Customer Service  - Back Side - Aisle CS Level C8 Position C1
CS,C8,D1,CS C8 D1,Customer Service  - Back Side - Aisle CS Level C8 Position D1
CS,C8,E1,CS C8 E1,Customer Service  - Back Side - Aisle CS Level C8 Position E1
CS,C8,F1,CS C8 F1,Customer Service  - Back Side - Aisle CS Level C8 Position F1
CS,C9,A1,CS C9 A1,Customer Service  - Back Side - Aisle CS Level C9 Position A1
CS,C9,B1,CS C9 B1,Customer Service  - Back Side - Aisle CS Level C9 Position B1
CS,C9,C1,CS C9 C1,Customer Service  - Back Side - Aisle CS Level C9 Position C1
CS,C9,D1,CS C9 D1,Customer Service  - Back Side - Aisle CS Level C9 Position D1
CS,C9,E1,CS C9 E1,Customer Service  - Back Side - Aisle CS Level C9 Position E1
CS,C9,F1,CS C9 F1,Customer Service  - Back Side - Aisle CS Level C9 Position F1
CS,C10,A1,CS C10 A1,Customer Service  - Back Side - Aisle CS Level C10 Position A1
CS,C10,B1,CS C10 B1,Customer Service  - Back Side - Aisle CS Level C10 Position B1
CS,C10,C1,CS C10 C1,Customer Service  - Back Side - Aisle CS Level C10 Position C1
CS,C10,D1,CS C10 D1,Customer Service  - Back Side - Aisle CS Level C10 Position D1
CS,C10,E1,CS C10 E1,Customer Service  - Back Side - Aisle CS Level C10 Position E1
CS,C10,F1,CS C10 F1,Customer Service  - Back Side - Aisle CS Level C10 Position F1
CS,F1,A1,CS F1 A1,Customer Service  - Back Side - Aisle CS Level F1 Position A1
CS,F1,B1,CS F1 B1,Customer Service  - Back Side - Aisle CS Level F1 Position B1
CS,F1,C1,CS F1 C1,Customer Service  - Back Side - Aisle CS Level F1 Position C1
CS,F1,D1,CS F1 D1,Customer Service  - Back Side - Aisle CS Level F1 Position D1
CS,F1,E1,CS F1 E1,Customer Service  - Back Side - Aisle CS Level F1 Position E1
CS,F1,F1,CS F1 F1,Customer Service  - Back Side - Aisle CS Level F1 Position F1
CS,F2,A1,CS F2 A1,Customer Service  - Back Side - Aisle CS Level F2 Position A1
CS,F2,B1,CS F2 B1,Customer Service  - Back Side - Aisle CS Level F2 Position B1
CS,F2,C1,CS F2 C1,Customer Service  - Back Side - Aisle CS Level F2 Position C1
CS,F2,D1,CS F2 D1,Customer Service  - Back Side - Aisle CS Level F2 Position D1
CS,F2,E1,CS F2 E1,Customer Service  - Back Side - Aisle CS Level F2 Position E1
CS,F2,F1,CS F2 F1,Customer Service  - Back Side - Aisle CS Level F2 Position F1
CS,F3,A1,CS F3 A1,Customer Service  - Back Side - Aisle CS Level F3 Position A1
CS,F3,B1,CS F3 B1,Customer Service  - Back Side - Aisle CS Level F3 Position B1
CS,F3,C1,CS F3 C1,Customer Service  - Back Side - Aisle CS Level F3 Position C1
CS,F3,D1,CS F3 D1,Customer Service  - Back Side - Aisle CS Level F3 Position D1
CS,F3,E1,CS F3 E1,Customer Service  - Back Side - Aisle CS Level F3 Position E1
CS,F3,F1,CS F3 F1,Customer Service  - Back Side - Aisle CS Level F3 Position F1
CS,F4,A1,CS F4 A1,Customer Service  - Back Side - Aisle CS Level F4 Position A1
CS,F4,B1,CS F4 B1,Customer Service  - Back Side - Aisle CS Level F4 Position B1
CS,F4,C1,CS F4 C1,Customer Service  - Back Side - Aisle CS Level F4 Position C1
CS,F4,D1,CS F4 D1,Customer Service  - Back Side - Aisle CS Level F4 Position D1
CS,F4,E1,CS F4 E1,Customer Service  - Back Side - Aisle CS Level F4 Position E1
CS,F4,F1,CS F4 F1,Customer Service  - Back Side - Aisle CS Level F4 Position F1
CS,F5,A1,CS F5 A1,Customer Service  - Back Side - Aisle CS Level F5 Position A1
CS,F5,B1,CS F5 B1,Customer Service  - Back Side - Aisle CS Level F5 Position B1
CS,F5,C1,CS F5 C1,Customer Service  - Back Side - Aisle CS Level F5 Position C1
CS,F5,D1,CS F5 D1,Customer Service  - Back Side - Aisle CS Level F5 Position D1
CS,F5,E1,CS F5 E1,Customer Service  - Back Side - Aisle CS Level F5 Position E1
CS,F5,F1,CS F5 F1,Customer Service  - Back Side - Aisle CS Level F5 Position F1
CS,F6,A1,CS F6 A1,Customer Service  - Back Side - Aisle CS Level F6 Position A1
CS,F6,B1,CS F6 B1,Customer Service  - Back Side - Aisle CS Level F6 Position B1
CS,F6,C1,CS F6 C1,Customer Service  - Back Side - Aisle CS Level F6 Position C1
CS,F6,D1,CS F6 D1,Customer Service  - Back Side - Aisle CS Level F6 Position D1
CS,F6,E1,CS F6 E1,Customer Service  - Back Side - Aisle CS Level F6 Position E1
CS,F6,F1,CS F6 F1,Customer Service  - Back Side - Aisle CS Level F6 Position F1
CS,F7,A1,CS F7 A1,Customer Service  - Back Side - Aisle CS Level F7 Position A1
CS,F7,B1,CS F7 B1,Customer Service  - Back Side - Aisle CS Level F7 Position B1
CS,F7,C1,CS F7 C1,Customer Service  - Back Side - Aisle CS Level F7 Position C1
CS,F7,D1,CS F7 D1,Customer Service  - Back Side - Aisle CS Level F7 Position D1
CS,F7,E1,CS F7 E1,Customer Service  - Back Side - Aisle CS Level F7 Position E1
CS,F7,F1,CS F7 F1,Customer Service  - Back Side - Aisle CS Level F7 Position F1
CS,F8,A1,CS F8 A1,Customer Service  - Back Side - Aisle CS Level F8 Position A1
CS,F8,B1,CS F8 B1,Customer Service  - Back Side - Aisle CS Level F8 Position B1
CS,F8,C1,CS F8 C1,Customer Service  - Back Side - Aisle CS Level F8 Position C1
CS,F8,D1,CS F8 D1,Customer Service  - Back Side - Aisle CS Level F8 Position D1
CS,F8,E1,CS F8 E1,Customer Service  - Back Side - Aisle CS Level F8 Position E1
CS,F8,F1,CS F8 F1,Customer Service  - Back Side - Aisle CS Level F8 Position F1
CS,F9,A1,CS F9 A1,Customer Service  - Back Side - Aisle CS Level F9 Position A1
CS,F9,B1,CS F9 B1,Customer Service  - Back Side - Aisle CS Level F9 Position B1
CS,F9,C1,CS F9 C1,Customer Service  - Back Side - Aisle CS Level F9 Position C1
CS,F9,D1,CS F9 D1,Customer Service  - Back Side - Aisle CS Level F9 Position D1
CS,F9,E1,CS F9 E1,Customer Service  - Back Side - Aisle CS Level F9 Position E1
CS,F9,F1,CS F9 F1,Customer Service  - Back Side - Aisle CS Level F9 Position F1
CS,F10,A1,CS F10 A1,Customer Service  - Back Side - Aisle CS Level F10 Position A1
CS,F10,B1,CS F10 B1,Customer Service  - Back Side - Aisle CS Level F10 Position B1
CS,F10,C1,CS F10 C1,Customer Service  - Back Side - Aisle CS Level F10 Position C1
CS,F10,D1,CS F10 D1,Customer Service  - Back Side - Aisle CS Level F10 Position D1
CS,F10,E1,CS F10 E1,Customer Service  - Back Side - Aisle CS Level F10 Position E1
CS,F10,F1,CS F10 F1,Customer Service  - Back Side - Aisle CS Level F10 Position F1
CS,E1,A1,CS E1 A1,Customer Service - Front Side - Aisle CS Level E1 Position A1
CS,E1,B1,CS E1 B1,Customer Service - Front Side - Aisle CS Level E1 Position B1
CS,E1,C1,CS E1 C1,Customer Service - Front Side - Aisle CS Level E1 Position C1
CS,E1,D1,CS E1 D1,Customer Service - Front Side - Aisle CS Level E1 Position D1
CS,E1,E1,CS E1 E1,Customer Service - Front Side - Aisle CS Level E1 Position E1
CS,E1,F1,CS E1 F1,Customer Service - Front Side - Aisle CS Level E1 Position F1
CS,E2,A1,CS E2 A1,Customer Service - Front Side - Aisle CS Level E2 Position A1
CS,E2,B1,CS E2 B1,Customer Service - Front Side - Aisle CS Level E2 Position B1
CS,E2,C1,CS E2 C1,Customer Service - Front Side - Aisle CS Level E2 Position C1
CS,E2,D1,CS E2 D1,Customer Service - Front Side - Aisle CS Level E2 Position D1
CS,E2,E1,CS E2 E1,Customer Service - Front Side - Aisle CS Level E2 Position E1
CS,E2,F1,CS E2 F1,Customer Service - Front Side - Aisle CS Level E2 Position F1
CS,E3,A1,CS E3 A1,Customer Service - Front Side - Aisle CS Level E3 Position A1
CS,E3,B1,CS E3 B1,Customer Service - Front Side - Aisle CS Level E3 Position B1
CS,E3,C1,CS E3 C1,Customer Service - Front Side - Aisle CS Level E3 Position C1
CS,E3,D1,CS E3 D1,Customer Service - Front Side - Aisle CS Level E3 Position D1
CS,E3,E1,CS E3 E1,Customer Service - Front Side - Aisle CS Level E3 Position E1
CS,E3,F1,CS E3 F1,Customer Service - Front Side - Aisle CS Level E3 Position F1
CS,E4,A1,CS E4 A1,Customer Service - Front Side - Aisle CS Level E4 Position A1
CS,E4,B1,CS E4 B1,Customer Service - Front Side - Aisle CS Level E4 Position B1
CS,E4,C1,CS E4 C1,Customer Service - Front Side - Aisle CS Level E4 Position C1
CS,E4,D1,CS E4 D1,Customer Service - Front Side - Aisle CS Level E4 Position D1
CS,E4,E1,CS E4 E1,Customer Service - Front Side - Aisle CS Level E4 Position E1
CS,E4,F1,CS E4 F1,Customer Service - Front Side - Aisle CS Level E4 Position F1
CS,E5,A1,CS E5 A1,Customer Service - Front Side - Aisle CS Level E5 Position A1
CS,E5,B1,CS E5 B1,Customer Service - Front Side - Aisle CS Level E5 Position B1
CS,E5,C1,CS E5 C1,Customer Service - Front Side - Aisle CS Level E5 Position C1
CS,E5,D1,CS E5 D1,Customer Service - Front Side - Aisle CS Level E5 Position D1
CS,E5,E1,CS E5 E1,Customer Service - Front Side - Aisle CS Level E5 Position E1
CS,E5,F1,CS E5 F1,Customer Service - Front Side - Aisle CS Level E5 Position F1
CS,E6,A1,CS E6 A1,Customer Service - Front Side - Aisle CS Level E6 Position A1
CS,E6,B1,CS E6 B1,Customer Service - Front Side - Aisle CS Level E6 Position B1
CS,E6,C1,CS E6 C1,Customer Service - Front Side - Aisle CS Level E6 Position C1
CS,E6,D1,CS E6 D1,Customer Service - Front Side - Aisle CS Level E6 Position D1
CS,E6,E1,CS E6 E1,Customer Service - Front Side - Aisle CS Level E6 Position E1
CS,E6,F1,CS E6 F1,Customer Service - Front Side - Aisle CS Level E6 Position F1
CS,E7,A1,CS E7 A1,Customer Service - Front Side - Aisle CS Level E7 Position A1
CS,E7,B1,CS E7 B1,Customer Service - Front Side - Aisle CS Level E7 Position B1
CS,E7,C1,CS E7 C1,Customer Service - Front Side - Aisle CS Level E7 Position C1
CS,E7,D1,CS E7 D1,Customer Service - Front Side - Aisle CS Level E7 Position D1
CS,E7,E1,CS E7 E1,Customer Service - Front Side - Aisle CS Level E7 Position E1
CS,E7,F1,CS E7 F1,Customer Service - Front Side - Aisle CS Level E7 Position F1
CS,E8,A1,CS E8 A1,Customer Service - Front Side - Aisle CS Level E8 Position A1
CS,E8,B1,CS E8 B1,Customer Service - Front Side - Aisle CS Level E8 Position B1
CS,E8,C1,CS E8 C1,Customer Service - Front Side - Aisle CS Level E8 Position C1
CS,E8,D1,CS E8 D1,Customer Service - Front Side - Aisle CS Level E8 Position D1
CS,E8,E1,CS E8 E1,Customer Service - Front Side - Aisle CS Level E8 Position E1
CS,E8,F1,CS E8 F1,Customer Service - Front Side - Aisle CS Level E8 Position F1
CS,E9,A1,CS E9 A1,Customer Service - Front Side - Aisle CS Level E9 Position A1
CS,E9,B1,CS E9 B1,Customer Service - Front Side - Aisle CS Level E9 Position B1
CS,E9,C1,CS E9 C1,Customer Service - Front Side - Aisle CS Level E9 Position C1
CS,E9,D1,CS E9 D1,Customer Service - Front Side - Aisle CS Level E9 Position D1
CS,E9,E1,CS E9 E1,Customer Service - Front Side - Aisle CS Level E9 Position E1
CS,E9,F1,CS E9 F1,Customer Service - Front Side - Aisle CS Level E9 Position F1
CS,E10,A1,CS E10 A1,Customer Service - Front Side - Aisle CS Level E10 Position A1
CS,E10,B1,CS E10 B1,Customer Service - Front Side - Aisle CS Level E10 Position B1
CS,E10,C1,CS E10 C1,Customer Service - Front Side - Aisle CS Level E10 Position C1
CS,E10,D1,CS E10 D1,Customer Service - Front Side - Aisle CS Level E10 Position D1
CS,E10,E1,CS E10 E1,Customer Service - Front Side - Aisle CS Level E10 Position E1
CS,E10,F1,CS E10 F1,Customer Service - Front Side - Aisle CS Level E10 Position F1
CS,G1,A1,CS G1 A1,Customer Service - Front Side - Aisle CS Level G1 Position A1
CS,G1,B1,CS G1 B1,Customer Service - Front Side - Aisle CS Level G1 Position B1
CS,G1,C1,CS G1 C1,Customer Service - Front Side - Aisle CS Level G1 Position C1
CS,G1,D1,CS G1 D1,Customer Service - Front Side - Aisle CS Level G1 Position D1
CS,G1,E1,CS G1 E1,Customer Service - Front Side - Aisle CS Level G1 Position E1
CS,G1,F1,CS G1 F1,Customer Service - Front Side - Aisle CS Level G1 Position F1
CS,G2,A1,CS G2 A1,Customer Service - Front Side - Aisle CS Level G2 Position A1
CS,G2,B1,CS G2 B1,Customer Service - Front Side - Aisle CS Level G2 Position B1
CS,G2,C1,CS G2 C1,Customer Service - Front Side - Aisle CS Level G2 Position C1
CS,G2,D1,CS G2 D1,Customer Service - Front Side - Aisle CS Level G2 Position D1
CS,G2,E1,CS G2 E1,Customer Service - Front Side - Aisle CS Level G2 Position E1
CS,G2,F1,CS G2 F1,Customer Service - Front Side - Aisle CS Level G2 Position F1
CS,G3,A1,CS G3 A1,Customer Service - Front Side - Aisle CS Level G3 Position A1
CS,G3,B1,CS G3 B1,Customer Service - Front Side - Aisle CS Level G3 Position B1
CS,G3,C1,CS G3 C1,Customer Service - Front Side - Aisle CS Level G3 Position C1
CS,G3,D1,CS G3 D1,Customer Service - Front Side - Aisle CS Level G3 Position D1
CS,G3,E1,CS G3 E1,Customer Service - Front Side - Aisle CS Level G3 Position E1
CS,G3,F1,CS G3 F1,Customer Service - Front Side - Aisle CS Level G3 Position F1
CS,G4,A1,CS G4 A1,Customer Service - Front Side - Aisle CS Level G4 Position A1
CS,G4,B1,CS G4 B1,Customer Service - Front Side - Aisle CS Level G4 Position B1
CS,G4,C1,CS G4 C1,Customer Service - Front Side - Aisle CS Level G4 Position C1
CS,G4,D1,CS G4 D1,Customer Service - Front Side - Aisle CS Level G4 Position D1
CS,G4,E1,CS G4 E1,Customer Service - Front Side - Aisle CS Level G4 Position E1
CS,G4,F1,CS G4 F1,Customer Service - Front Side - Aisle CS Level G4 Position F1
CS,G5,A1,CS G5 A1,Customer Service - Front Side - Aisle CS Level G5 Position A1
CS,G5,B1,CS G5 B1,Customer Service - Front Side - Aisle CS Level G5 Position B1
CS,G5,C1,CS G5 C1,Customer Service - Front Side - Aisle CS Level G5 Position C1
CS,G5,D1,CS G5 D1,Customer Service - Front Side - Aisle CS Level G5 Position D1
CS,G5,E1,CS G5 E1,Customer Service - Front Side - Aisle CS Level G5 Position E1
CS,G5,F1,CS G5 F1,Customer Service - Front Side - Aisle CS Level G5 Position F1
CS,G6,A1,CS G6 A1,Customer Service - Front Side - Aisle CS Level G6 Position A1
CS,G6,B1,CS G6 B1,Customer Service - Front Side - Aisle CS Level G6 Position B1
CS,G6,C1,CS G6 C1,Customer Service - Front Side - Aisle CS Level G6 Position C1
CS,G6,D1,CS G6 D1,Customer Service - Front Side - Aisle CS Level G6 Position D1
CS,G6,E1,CS G6 E1,Customer Service - Front Side - Aisle CS Level G6 Position E1
CS,G6,F1,CS G6 F1,Customer Service - Front Side - Aisle CS Level G6 Position F1
CS,G7,A1,CS G7 A1,Customer Service - Front Side - Aisle CS Level G7 Position A1
CS,G7,B1,CS G7 B1,Customer Service - Front Side - Aisle CS Level G7 Position B1
CS,G7,C1,CS G7 C1,Customer Service - Front Side - Aisle CS Level G7 Position C1
CS,G7,D1,CS G7 D1,Customer Service - Front Side - Aisle CS Level G7 Position D1
CS,G7,E1,CS G7 E1,Customer Service - Front Side - Aisle CS Level G7 Position E1
CS,G7,F1,CS G7 F1,Customer Service - Front Side - Aisle CS Level G7 Position F1
CS,G8,A1,CS G8 A1,Customer Service - Front Side - Aisle CS Level G8 Position A1
CS,G8,B1,CS G8 B1,Customer Service - Front Side - Aisle CS Level G8 Position B1
CS,G8,C1,CS G8 C1,Customer Service - Front Side - Aisle CS Level G8 Position C1
CS,G8,D1,CS G8 D1,Customer Service - Front Side - Aisle CS Level G8 Position D1
CS,G8,E1,CS G8 E1,Customer Service - Front Side - Aisle CS Level G8 Position E1
CS,G8,F1,CS G8 F1,Customer Service - Front Side - Aisle CS Level G8 Position F1
CS,G9,A1,CS G9 A1,Customer Service - Front Side - Aisle CS Level G9 Position A1
CS,G9,B1,CS G9 B1,Customer Service - Front Side - Aisle CS Level G9 Position B1
CS,G9,C1,CS G9 C1,Customer Service - Front Side - Aisle CS Level G9 Position C1
CS,G9,D1,CS G9 D1,Customer Service - Front Side - Aisle CS Level G9 Position D1
CS,G9,E1,CS G9 E1,Customer Service - Front Side - Aisle CS Level G9 Position E1
CS,G9,F1,CS G9 F1,Customer Service - Front Side - Aisle CS Level G9 Position F1
CS,G10,A1,CS G10 A1,Customer Service - Front Side - Aisle CS Level G10 Position A1
CS,G10,B1,CS G10 B1,Customer Service - Front Side - Aisle CS Level G10 Position B1
CS,G10,C1,CS G10 C1,Customer Service - Front Side - Aisle CS Level G10 Position C1
CS,G10,D1,CS G10 D1,Customer Service - Front Side - Aisle CS Level G10 Position D1
CS,G10,E1,CS G10 E1,Customer Service - Front Side - Aisle CS Level G10 Position E1
CS,G10,F1,CS G10 F1,Customer Service - Front Side - Aisle CS Level G10 Position F1
CS,J1,A1,CS J1 A1,Customer Service - Front Side - Aisle CS Level J1 Position A1
CS,J1,B1,CS J1 B1,Customer Service - Front Side - Aisle CS Level J1 Position B1
CS,J1,C1,CS J1 C1,Customer Service - Front Side - Aisle CS Level J1 Position C1
CS,J1,D1,CS J1 D1,Customer Service - Front Side - Aisle CS Level J1 Position D1
CS,J1,E1,CS J1 E1,Customer Service - Front Side - Aisle CS Level J1 Position E1
CS,J1,F1,CS J1 F1,Customer Service - Front Side - Aisle CS Level J1 Position F1
CS,J2,A1,CS J2 A1,Customer Service - Front Side - Aisle CS Level J2 Position A1
CS,J2,B1,CS J2 B1,Customer Service - Front Side - Aisle CS Level J2 Position B1
CS,J2,C1,CS J2 C1,Customer Service - Front Side - Aisle CS Level J2 Position C1
CS,J2,D1,CS J2 D1,Customer Service - Front Side - Aisle CS Level J2 Position D1
CS,J2,E1,CS J2 E1,Customer Service - Front Side - Aisle CS Level J2 Position E1
CS,J2,F1,CS J2 F1,Customer Service - Front Side - Aisle CS Level J2 Position F1
CS,J3,A1,CS J3 A1,Customer Service - Front Side - Aisle CS Level J3 Position A1
CS,J3,B1,CS J3 B1,Customer Service - Front Side - Aisle CS Level J3 Position B1
CS,J3,C1,CS J3 C1,Customer Service - Front Side - Aisle CS Level J3 Position C1
CS,J3,D1,CS J3 D1,Customer Service - Front Side - Aisle CS Level J3 Position D1
CS,J3,E1,CS J3 E1,Customer Service - Front Side - Aisle CS Level J3 Position E1
CS,J3,F1,CS J3 F1,Customer Service - Front Side - Aisle CS Level J3 Position F1
CS,J4,A1,CS J4 A1,Customer Service - Front Side - Aisle CS Level J4 Position A1
CS,J4,B1,CS J4 B1,Customer Service - Front Side - Aisle CS Level J4 Position B1
CS,J4,C1,CS J4 C1,Customer Service - Front Side - Aisle CS Level J4 Position C1
CS,J4,D1,CS J4 D1,Customer Service - Front Side - Aisle CS Level J4 Position D1
CS,J4,E1,CS J4 E1,Customer Service - Front Side - Aisle CS Level J4 Position E1
CS,J4,F1,CS J4 F1,Customer Service - Front Side - Aisle CS Level J4 Position F1
CS,J5,A1,CS J5 A1,Customer Service - Front Side - Aisle CS Level J5 Position A1
CS,J5,B1,CS J5 B1,Customer Service - Front Side - Aisle CS Level J5 Position B1
CS,J5,C1,CS J5 C1,Customer Service - Front Side - Aisle CS Level J5 Position C1
CS,J5,D1,CS J5 D1,Customer Service - Front Side - Aisle CS Level J5 Position D1
CS,J5,E1,CS J5 E1,Customer Service - Front Side - Aisle CS Level J5 Position E1
CS,J5,F1,CS J5 F1,Customer Service - Front Side - Aisle CS Level J5 Position F1
CS,J6,A1,CS J6 A1,Customer Service - Front Side - Aisle CS Level J6 Position A1
CS,J6,B1,CS J6 B1,Customer Service - Front Side - Aisle CS Level J6 Position B1
CS,J6,C1,CS J6 C1,Customer Service - Front Side - Aisle CS Level J6 Position C1
CS,J6,D1,CS J6 D1,Customer Service - Front Side - Aisle CS Level J6 Position D1
CS,J6,E1,CS J6 E1,Customer Service - Front Side - Aisle CS Level J6 Position E1
CS,J6,F1,CS J6 F1,Customer Service - Front Side - Aisle CS Level J6 Position F1
CS,J7,A1,CS J7 A1,Customer Service - Front Side - Aisle CS Level J7 Position A1
CS,J7,B1,CS J7 B1,Customer Service - Front Side - Aisle CS Level J7 Position B1
CS,J7,C1,CS J7 C1,Customer Service - Front Side - Aisle CS Level J7 Position C1
CS,J7,D1,CS J7 D1,Customer Service - Front Side - Aisle CS Level J7 Position D1
CS,J7,E1,CS J7 E1,Customer Service - Front Side - Aisle CS Level J7 Position E1
CS,J7,F1,CS J7 F1,Customer Service - Front Side - Aisle CS Level J7 Position F1
CS,J8,A1,CS J8 A1,Customer Service - Front Side - Aisle CS Level J8 Position A1
CS,J8,B1,CS J8 B1,Customer Service - Front Side - Aisle CS Level J8 Position B1
CS,J8,C1,CS J8 C1,Customer Service - Front Side - Aisle CS Level J8 Position C1
CS,J8,D1,CS J8 D1,Customer Service - Front Side - Aisle CS Level J8 Position D1
CS,J8,E1,CS J8 E1,Customer Service - Front Side - Aisle CS Level J8 Position E1
CS,J8,F1,CS J8 F1,Customer Service - Front Side - Aisle CS Level J8 Position F1
CS,J9,A1,CS J9 A1,Customer Service - Front Side - Aisle CS Level J9 Position A1
CS,J9,B1,CS J9 B1,Customer Service - Front Side - Aisle CS Level J9 Position B1
CS,J9,C1,CS J9 C1,Customer Service - Front Side - Aisle CS Level J9 Position C1
CS,J9,D1,CS J9 D1,Customer Service - Front Side - Aisle CS Level J9 Position D1
CS,J9,E1,CS J9 E1,Customer Service - Front Side - Aisle CS Level J9 Position E1
CS,J9,F1,CS J9 F1,Customer Service - Front Side - Aisle CS Level J9 Position F1
CS,J10,A1,CS J10 A1,Customer Service - Front Side - Aisle CS Level J10 Position A1
CS,J10,B1,CS J10 B1,Customer Service - Front Side - Aisle CS Level J10 Position B1
CS,J10,C1,CS J10 C1,Customer Service - Front Side - Aisle CS Level J10 Position C1
CS,J10,D1,CS J10 D1,Customer Service - Front Side - Aisle CS Level J10 Position D1
CS,J10,E1,CS J10 E1,Customer Service - Front Side - Aisle CS Level J10 Position E1
CS,J10,F1,CS J10 F1,Customer Service - Front Side - Aisle CS Level J10 Position F1
CS,H1,A1,CS H1 A1,Customer Service - Front Side - Aisle CS Level H1 Position A1
CS,H1,B1,CS H1 B1,Customer Service - Front Side - Aisle CS Level H1 Position B1
CS,H1,C1,CS H1 C1,Customer Service - Front Side - Aisle CS Level H1 Position C1
CS,H1,D1,CS H1 D1,Customer Service - Front Side - Aisle CS Level H1 Position D1
CS,H1,E1,CS H1 E1,Customer Service - Front Side - Aisle CS Level H1 Position E1
CS,H1,F1,CS H1 F1,Customer Service - Front Side - Aisle CS Level H1 Position F1
CS,H2,A1,CS H2 A1,Customer Service - Front Side - Aisle CS Level H2 Position A1
CS,H2,B1,CS H2 B1,Customer Service - Front Side - Aisle CS Level H2 Position B1
CS,H2,C1,CS H2 C1,Customer Service - Front Side - Aisle CS Level H2 Position C1
CS,H2,D1,CS H2 D1,Customer Service - Front Side - Aisle CS Level H2 Position D1
CS,H2,E1,CS H2 E1,Customer Service - Front Side - Aisle CS Level H2 Position E1
CS,H2,F1,CS H2 F1,Customer Service - Front Side - Aisle CS Level H2 Position F1
CS,H3,A1,CS H3 A1,Customer Service - Front Side - Aisle CS Level H3 Position A1
CS,H3,B1,CS H3 B1,Customer Service - Front Side - Aisle CS Level H3 Position B1
CS,H3,C1,CS H3 C1,Customer Service - Front Side - Aisle CS Level H3 Position C1
CS,H3,D1,CS H3 D1,Customer Service - Front Side - Aisle CS Level H3 Position D1
CS,H3,E1,CS H3 E1,Customer Service - Front Side - Aisle CS Level H3 Position E1
CS,H3,F1,CS H3 F1,Customer Service - Front Side - Aisle CS Level H3 Position F1
CS,H4,A1,CS H4 A1,Customer Service - Front Side - Aisle CS Level H4 Position A1
CS,H4,B1,CS H4 B1,Customer Service - Front Side - Aisle CS Level H4 Position B1
CS,H4,C1,CS H4 C1,Customer Service - Front Side - Aisle CS Level H4 Position C1
CS,H4,D1,CS H4 D1,Customer Service - Front Side - Aisle CS Level H4 Position D1
CS,H4,E1,CS H4 E1,Customer Service - Front Side - Aisle CS Level H4 Position E1
CS,H4,F1,CS H4 F1,Customer Service - Front Side - Aisle CS Level H4 Position F1
CS,H5,A1,CS H5 A1,Customer Service - Front Side - Aisle CS Level H5 Position A1
CS,H5,B1,CS H5 B1,Customer Service - Front Side - Aisle CS Level H5 Position B1
CS,H5,C1,CS H5 C1,Customer Service - Front Side - Aisle CS Level H5 Position C1
CS,H5,D1,CS H5 D1,Customer Service - Front Side - Aisle CS Level H5 Position D1
CS,H5,E1,CS H5 E1,Customer Service - Front Side - Aisle CS Level H5 Position E1
CS,H5,F1,CS H5 F1,Customer Service - Front Side - Aisle CS Level H5 Position F1
CS,H6,A1,CS H6 A1,Customer Service - Front Side - Aisle CS Level H6 Position A1
CS,H6,B1,CS H6 B1,Customer Service - Front Side - Aisle CS Level H6 Position B1
CS,H6,C1,CS H6 C1,Customer Service - Front Side - Aisle CS Level H6 Position C1
CS,H6,D1,CS H6 D1,Customer Service - Front Side - Aisle CS Level H6 Position D1
CS,H6,E1,CS H6 E1,Customer Service - Front Side - Aisle CS Level H6 Position E1
CS,H6,F1,CS H6 F1,Customer Service - Front Side - Aisle CS Level H6 Position F1
CS,H7,A1,CS H7 A1,Customer Service - Front Side - Aisle CS Level H7 Position A1
CS,H7,B1,CS H7 B1,Customer Service - Front Side - Aisle CS Level H7 Position B1
CS,H7,C1,CS H7 C1,Customer Service - Front Side - Aisle CS Level H7 Position C1
CS,H7,D1,CS H7 D1,Customer Service - Front Side - Aisle CS Level H7 Position D1
CS,H7,E1,CS H7 E1,Customer Service - Front Side - Aisle CS Level H7 Position E1
CS,H7,F1,CS H7 F1,Customer Service - Front Side - Aisle CS Level H7 Position F1
CS,H8,A1,CS H8 A1,Customer Service - Front Side - Aisle CS Level H8 Position A1
CS,H8,B1,CS H8 B1,Customer Service - Front Side - Aisle CS Level H8 Position B1
CS,H8,C1,CS H8 C1,Customer Service - Front Side - Aisle CS Level H8 Position C1
CS,H8,D1,CS H8 D1,Customer Service - Front Side - Aisle CS Level H8 Position D1
CS,H8,E1,CS H8 E1,Customer Service - Front Side - Aisle CS Level H8 Position E1
CS,H8,F1,CS H8 F1,Customer Service - Front Side - Aisle CS Level H8 Position F1
CS,H9,A1,CS H9 A1,Customer Service - Front Side - Aisle CS Level H9 Position A1
CS,H9,B1,CS H9 B1,Customer Service - Front Side - Aisle CS Level H9 Position B1
CS,H9,C1,CS H9 C1,Customer Service - Front Side - Aisle CS Level H9 Position C1
CS,H9,D1,CS H9 D1,Customer Service - Front Side - Aisle CS Level H9 Position D1
CS,H9,E1,CS H9 E1,Customer Service - Front Side - Aisle CS Level H9 Position E1
CS,H9,F1,CS H9 F1,Customer Service - Front Side - Aisle CS Level H9 Position F1
CS,H10,A1,CS H10 A1,Customer Service - Front Side - Aisle CS Level H10 Position A1
CS,H10,B1,CS H10 B1,Customer Service - Front Side - Aisle CS Level H10 Position B1
CS,H10,C1,CS H10 C1,Customer Service - Front Side - Aisle CS Level H10 Position C1
CS,H10,D1,CS H10 D1,Customer Service - Front Side - Aisle CS Level H10 Position D1
CS,H10,E1,CS H10 E1,Customer Service - Front Side - Aisle CS Level H10 Position E1
CS,H10,F1,CS H10 F1,Customer Service - Front Side - Aisle CS Level H10 Position F1
01,HW,01,01 HW 01,End Cap - Front Side - Aisle 01 Level HW Position 01
01,HW,02,01 HW 02,End Cap - Front Side - Aisle 01 Level HW Position 02
01,HW,03,01 HW 03,End Cap - Front Side - Aisle 01 Level HW Position 03
01,HW,04,01 HW 04,End Cap - Front Side - Aisle 01 Level HW Position 04
01,HW,05,01 HW 05,End Cap - Front Side - Aisle 01 Level HW Position 05
01,HW,06,01 HW 06,End Cap - Front Side - Aisle 01 Level HW Position 06
01,HW,07,01 HW 07,End Cap - Front Side - Aisle 01 Level HW Position 07
01,HW,08,01 HW 08,End Cap - Front Side - Aisle 01 Level HW Position 08
01,HW,09,01 HW 09,End Cap - Front Side - Aisle 01 Level HW Position 09
02,HW,01,02 HW 01,End Cap - Front Side - Aisle 02 Level HW Position 01
02,HW,02,02 HW 02,End Cap - Front Side - Aisle 02 Level HW Position 02
02,HW,03,02 HW 03,End Cap - Front Side - Aisle 02 Level HW Position 03
02,HW,04,02 HW 04,End Cap - Front Side - Aisle 02 Level HW Position 04
02,HW,05,02 HW 05,End Cap - Front Side - Aisle 02 Level HW Position 05
02,HW,06,02 HW 06,End Cap - Front Side - Aisle 02 Level HW Position 06
02,HW,07,02 HW 07,End Cap - Front Side - Aisle 02 Level HW Position 07
02,HW,08,02 HW 08,End Cap - Front Side - Aisle 02 Level HW Position 08
02,HW,09,02 HW 09,End Cap - Front Side - Aisle 02 Level HW Position 09
03,HW,01,03 HW 01,End Cap - Front Side - Aisle 03 Level HW Position 01
03,HW,02,03 HW 02,End Cap - Front Side - Aisle 03 Level HW Position 02
03,HW,03,03 HW 03,End Cap - Front Side - Aisle 03 Level HW Position 03
03,HW,04,03 HW 04,End Cap - Front Side - Aisle 03 Level HW Position 04
03,HW,05,03 HW 05,End Cap - Front Side - Aisle 03 Level HW Position 05
03,HW,06,03 HW 06,End Cap - Front Side - Aisle 03 Level HW Position 06
03,HW,07,03 HW 07,End Cap - Front Side - Aisle 03 Level HW Position 07
03,HW,08,03 HW 08,End Cap - Front Side - Aisle 03 Level HW Position 08
03,HW,09,03 HW 09,End Cap - Front Side - Aisle 03 Level HW Position 09
04,HW,01,04 HW 01,End Cap - Front Side - Aisle 04 Level HW Position 01
04,HW,02,04 HW 02,End Cap - Front Side - Aisle 04 Level HW Position 02
04,HW,03,04 HW 03,End Cap - Front Side - Aisle 04 Level HW Position 03
04,HW,04,04 HW 04,End Cap - Front Side - Aisle 04 Level HW Position 04
04,HW,05,04 HW 05,End Cap - Front Side - Aisle 04 Level HW Position 05
04,HW,06,04 HW 06,End Cap - Front Side - Aisle 04 Level HW Position 06
04,HW,07,04 HW 07,End Cap - Front Side - Aisle 04 Level HW Position 07
04,HW,08,04 HW 08,End Cap - Front Side - Aisle 04 Level HW Position 08
04,HW,09,04 HW 09,End Cap - Front Side - Aisle 04 Level HW Position 09
05,HW,01,05 HW 01,End Cap - Front Side - Aisle 05 Level HW Position 01
05,HW,02,05 HW 02,End Cap - Front Side - Aisle 05 Level HW Position 02
05,HW,03,05 HW 03,End Cap - Front Side - Aisle 05 Level HW Position 03
05,HW,04,05 HW 04,End Cap - Front Side - Aisle 05 Level HW Position 04
05,HW,05,05 HW 05,End Cap - Front Side - Aisle 05 Level HW Position 05
05,HW,06,05 HW 06,End Cap - Front Side - Aisle 05 Level HW Position 06
05,HW,07,05 HW 07,End Cap - Front Side - Aisle 05 Level HW Position 07
05,HW,08,05 HW 08,End Cap - Front Side - Aisle 05 Level HW Position 08
05,HW,09,05 HW 09,End Cap - Front Side - Aisle 05 Level HW Position 09
06,HW,01,06 HW 01,End Cap - Front Side - Aisle 06 Level HW Position 01
06,HW,02,06 HW 02,End Cap - Front Side - Aisle 06 Level HW Position 02
06,HW,03,06 HW 03,End Cap - Front Side - Aisle 06 Level HW Position 03
06,HW,04,06 HW 04,End Cap - Front Side - Aisle 06 Level HW Position 04
06,HW,05,06 HW 05,End Cap - Front Side - Aisle 06 Level HW Position 05
06,HW,06,06 HW 06,End Cap - Front Side - Aisle 06 Level HW Position 06
06,HW,07,06 HW 07,End Cap - Front Side - Aisle 06 Level HW Position 07
06,HW,08,06 HW 08,End Cap - Front Side - Aisle 06 Level HW Position 08
06,HW,09,06 HW 09,End Cap - Front Side - Aisle 06 Level HW Position 09
07,HW,01,07 HW 01,End Cap - Front Side - Aisle 07 Level HW Position 01
07,HW,02,07 HW 02,End Cap - Front Side - Aisle 07 Level HW Position 02
07,HW,03,07 HW 03,End Cap - Front Side - Aisle 07 Level HW Position 03
07,HW,04,07 HW 04,End Cap - Front Side - Aisle 07 Level HW Position 04
07,HW,05,07 HW 05,End Cap - Front Side - Aisle 07 Level HW Position 05
07,HW,06,07 HW 06,End Cap - Front Side - Aisle 07 Level HW Position 06
07,HW,07,07 HW 07,End Cap - Front Side - Aisle 07 Level HW Position 07
07,HW,08,07 HW 08,End Cap - Front Side - Aisle 07 Level HW Position 08
07,HW,09,07 HW 09,End Cap - Front Side - Aisle 07 Level HW Position 09
08,HW,01,08 HW 01,End Cap - Front Side - Aisle 08 Level HW Position 01
08,HW,02,08 HW 02,End Cap - Front Side - Aisle 08 Level HW Position 02
08,HW,03,08 HW 03,End Cap - Front Side - Aisle 08 Level HW Position 03
08,HW,04,08 HW 04,End Cap - Front Side - Aisle 08 Level HW Position 04
08,HW,05,08 HW 05,End Cap - Front Side - Aisle 08 Level HW Position 05
08,HW,06,08 HW 06,End Cap - Front Side - Aisle 08 Level HW Position 06
08,HW,07,08 HW 07,End Cap - Front Side - Aisle 08 Level HW Position 07
08,HW,08,08 HW 08,End Cap - Front Side - Aisle 08 Level HW Position 08
08,HW,09,08 HW 09,End Cap - Front Side - Aisle 08 Level HW Position 09
09,HW,01,09 HW 01,End Cap - Front Side - Aisle 09 Level HW Position 01
09,HW,02,09 HW 02,End Cap - Front Side - Aisle 09 Level HW Position 02
09,HW,03,09 HW 03,End Cap - Front Side - Aisle 09 Level HW Position 03
09,HW,04,09 HW 04,End Cap - Front Side - Aisle 09 Level HW Position 04
09,HW,05,09 HW 05,End Cap - Front Side - Aisle 09 Level HW Position 05
09,HW,06,09 HW 06,End Cap - Front Side - Aisle 09 Level HW Position 06
09,HW,07,09 HW 07,End Cap - Front Side - Aisle 09 Level HW Position 07
09,HW,08,09 HW 08,End Cap - Front Side - Aisle 09 Level HW Position 08
09,HW,09,09 HW 09,End Cap - Front Side - Aisle 09 Level HW Position 09
01,BK ENDCAP,1,01 BK ENDCAP 1,End Cap - BAck Side - Aisle 01 Level BK ENDCAP Position 1
01,BK ENDCAP,2,01 BK ENDCAP 2,End Cap - BAck Side - Aisle 01 Level BK ENDCAP Position 2
01,BK ENDCAP,3,01 BK ENDCAP 3,End Cap - BAck Side - Aisle 01 Level BK ENDCAP Position 3
01,BK ENDCAP,4,01 BK ENDCAP 4,End Cap - BAck Side - Aisle 01 Level BK ENDCAP Position 4
01,BK ENDCAP,5,01 BK ENDCAP 5,End Cap - BAck Side - Aisle 01 Level BK ENDCAP Position 5
01,BK ENDCAP,6,01 BK ENDCAP 6,End Cap - BAck Side - Aisle 01 Level BK ENDCAP Position 6
01,BK ENDCAP,7,01 BK ENDCAP 7,End Cap - BAck Side - Aisle 01 Level BK ENDCAP Position 7
01,BK ENDCAP,8,01 BK ENDCAP 8,End Cap - BAck Side - Aisle 01 Level BK ENDCAP Position 8
01,BK ENDCAP,9,01 BK ENDCAP 9,End Cap - BAck Side - Aisle 01 Level BK ENDCAP Position 9
02,BK ENDCAP,1,02 BK ENDCAP 1,End Cap - BAck Side - Aisle 02 Level BK ENDCAP Position 1
02,BK ENDCAP,2,02 BK ENDCAP 2,End Cap - BAck Side - Aisle 02 Level BK ENDCAP Position 2
02,BK ENDCAP,3,02 BK ENDCAP 3,End Cap - BAck Side - Aisle 02 Level BK ENDCAP Position 3
02,BK ENDCAP,4,02 BK ENDCAP 4,End Cap - BAck Side - Aisle 02 Level BK ENDCAP Position 4
02,BK ENDCAP,5,02 BK ENDCAP 5,End Cap - BAck Side - Aisle 02 Level BK ENDCAP Position 5
02,BK ENDCAP,6,02 BK ENDCAP 6,End Cap - BAck Side - Aisle 02 Level BK ENDCAP Position 6
02,BK ENDCAP,7,02 BK ENDCAP 7,End Cap - BAck Side - Aisle 02 Level BK ENDCAP Position 7
02,BK ENDCAP,8,02 BK ENDCAP 8,End Cap - BAck Side - Aisle 02 Level BK ENDCAP Position 8
02,BK ENDCAP,9,02 BK ENDCAP 9,End Cap - BAck Side - Aisle 02 Level BK ENDCAP Position 9
03,BK ENDCAP,1,03 BK ENDCAP 1,End Cap - BAck Side - Aisle 03 Level BK ENDCAP Position 1
03,BK ENDCAP,2,03 BK ENDCAP 2,End Cap - BAck Side - Aisle 03 Level BK ENDCAP Position 2
03,BK ENDCAP,3,03 BK ENDCAP 3,End Cap - BAck Side - Aisle 03 Level BK ENDCAP Position 3
03,BK ENDCAP,4,03 BK ENDCAP 4,End Cap - BAck Side - Aisle 03 Level BK ENDCAP Position 4
03,BK ENDCAP,5,03 BK ENDCAP 5,End Cap - BAck Side - Aisle 03 Level BK ENDCAP Position 5
03,BK ENDCAP,6,03 BK ENDCAP 6,End Cap - BAck Side - Aisle 03 Level BK ENDCAP Position 6
03,BK ENDCAP,7,03 BK ENDCAP 7,End Cap - BAck Side - Aisle 03 Level BK ENDCAP Position 7
03,BK ENDCAP,8,03 BK ENDCAP 8,End Cap - BAck Side - Aisle 03 Level BK ENDCAP Position 8
03,BK ENDCAP,9,03 BK ENDCAP 9,End Cap - BAck Side - Aisle 03 Level BK ENDCAP Position 9
04,BK ENDCAP,1,04 BK ENDCAP 1,End Cap - BAck Side - Aisle 04 Level BK ENDCAP Position 1
04,BK ENDCAP,2,04 BK ENDCAP 2,End Cap - BAck Side - Aisle 04 Level BK ENDCAP Position 2
04,BK ENDCAP,3,04 BK ENDCAP 3,End Cap - BAck Side - Aisle 04 Level BK ENDCAP Position 3
04,BK ENDCAP,4,04 BK ENDCAP 4,End Cap - BAck Side - Aisle 04 Level BK ENDCAP Position 4
04,BK ENDCAP,5,04 BK ENDCAP 5,End Cap - BAck Side - Aisle 04 Level BK ENDCAP Position 5
04,BK ENDCAP,6,04 BK ENDCAP 6,End Cap - BAck Side - Aisle 04 Level BK ENDCAP Position 6
04,BK ENDCAP,7,04 BK ENDCAP 7,End Cap - BAck Side - Aisle 04 Level BK ENDCAP Position 7
04,BK ENDCAP,8,04 BK ENDCAP 8,End Cap - BAck Side - Aisle 04 Level BK ENDCAP Position 8
04,BK ENDCAP,9,04 BK ENDCAP 9,End Cap - BAck Side - Aisle 04 Level BK ENDCAP Position 9
05,BK ENDCAP,1,05 BK ENDCAP 1,End Cap - BAck Side - Aisle 05 Level BK ENDCAP Position 1
05,BK ENDCAP,2,05 BK ENDCAP 2,End Cap - BAck Side - Aisle 05 Level BK ENDCAP Position 2
05,BK ENDCAP,3,05 BK ENDCAP 3,End Cap - BAck Side - Aisle 05 Level BK ENDCAP Position 3
05,BK ENDCAP,4,05 BK ENDCAP 4,End Cap - BAck Side - Aisle 05 Level BK ENDCAP Position 4
05,BK ENDCAP,5,05 BK ENDCAP 5,End Cap - BAck Side - Aisle 05 Level BK ENDCAP Position 5
05,BK ENDCAP,6,05 BK ENDCAP 6,End Cap - BAck Side - Aisle 05 Level BK ENDCAP Position 6
05,BK ENDCAP,7,05 BK ENDCAP 7,End Cap - BAck Side - Aisle 05 Level BK ENDCAP Position 7
05,BK ENDCAP,8,05 BK ENDCAP 8,End Cap - BAck Side - Aisle 05 Level BK ENDCAP Position 8
05,BK ENDCAP,9,05 BK ENDCAP 9,End Cap - BAck Side - Aisle 05 Level BK ENDCAP Position 9
06,BK ENDCAP,1,06 BK ENDCAP 1,End Cap - BAck Side - Aisle 06 Level BK ENDCAP Position 1
06,BK ENDCAP,2,06 BK ENDCAP 2,End Cap - BAck Side - Aisle 06 Level BK ENDCAP Position 2
06,BK ENDCAP,3,06 BK ENDCAP 3,End Cap - BAck Side - Aisle 06 Level BK ENDCAP Position 3
06,BK ENDCAP,4,06 BK ENDCAP 4,End Cap - BAck Side - Aisle 06 Level BK ENDCAP Position 4
06,BK ENDCAP,5,06 BK ENDCAP 5,End Cap - BAck Side - Aisle 06 Level BK ENDCAP Position 5
06,BK ENDCAP,6,06 BK ENDCAP 6,End Cap - BAck Side - Aisle 06 Level BK ENDCAP Position 6
06,BK ENDCAP,7,06 BK ENDCAP 7,End Cap - BAck Side - Aisle 06 Level BK ENDCAP Position 7
06,BK ENDCAP,8,06 BK ENDCAP 8,End Cap - BAck Side - Aisle 06 Level BK ENDCAP Position 8
06,BK ENDCAP,9,06 BK ENDCAP 9,End Cap - BAck Side - Aisle 06 Level BK ENDCAP Position 9
07,BK ENDCAP,1,07 BK ENDCAP 1,End Cap - BAck Side - Aisle 07 Level BK ENDCAP Position 1
07,BK ENDCAP,2,07 BK ENDCAP 2,End Cap - BAck Side - Aisle 07 Level BK ENDCAP Position 2
07,BK ENDCAP,3,07 BK ENDCAP 3,End Cap - BAck Side - Aisle 07 Level BK ENDCAP Position 3
07,BK ENDCAP,4,07 BK ENDCAP 4,End Cap - BAck Side - Aisle 07 Level BK ENDCAP Position 4
07,BK ENDCAP,5,07 BK ENDCAP 5,End Cap - BAck Side - Aisle 07 Level BK ENDCAP Position 5
07,BK ENDCAP,6,07 BK ENDCAP 6,End Cap - BAck Side - Aisle 07 Level BK ENDCAP Position 6
07,BK ENDCAP,7,07 BK ENDCAP 7,End Cap - BAck Side - Aisle 07 Level BK ENDCAP Position 7
07,BK ENDCAP,8,07 BK ENDCAP 8,End Cap - BAck Side - Aisle 07 Level BK ENDCAP Position 8
07,BK ENDCAP,9,07 BK ENDCAP 9,End Cap - BAck Side - Aisle 07 Level BK ENDCAP Position 9
08,BK ENDCAP,1,08 BK ENDCAP 1,End Cap - BAck Side - Aisle 08 Level BK ENDCAP Position 1
08,BK ENDCAP,2,08 BK ENDCAP 2,End Cap - BAck Side - Aisle 08 Level BK ENDCAP Position 2
08,BK ENDCAP,3,08 BK ENDCAP 3,End Cap - BAck Side - Aisle 08 Level BK ENDCAP Position 3
08,BK ENDCAP,4,08 BK ENDCAP 4,End Cap - BAck Side - Aisle 08 Level BK ENDCAP Position 4
08,BK ENDCAP,5,08 BK ENDCAP 5,End Cap - BAck Side - Aisle 08 Level BK ENDCAP Position 5
08,BK ENDCAP,6,08 BK ENDCAP 6,End Cap - BAck Side - Aisle 08 Level BK ENDCAP Position 6
08,BK ENDCAP,7,08 BK ENDCAP 7,End Cap - BAck Side - Aisle 08 Level BK ENDCAP Position 7
08,BK ENDCAP,8,08 BK ENDCAP 8,End Cap - BAck Side - Aisle 08 Level BK ENDCAP Position 8
08,BK ENDCAP,9,08 BK ENDCAP 9,End Cap - BAck Side - Aisle 08 Level BK ENDCAP Position 9
09,BK ENDCAP,1,09 BK ENDCAP 1,End Cap - BAck Side - Aisle 09 Level BK ENDCAP Position 1
09,BK ENDCAP,2,09 BK ENDCAP 2,End Cap - BAck Side - Aisle 09 Level BK ENDCAP Position 2
09,BK ENDCAP,3,09 BK ENDCAP 3,End Cap - BAck Side - Aisle 09 Level BK ENDCAP Position 3
09,BK ENDCAP,4,09 BK ENDCAP 4,End Cap - BAck Side - Aisle 09 Level BK ENDCAP Position 4
09,BK ENDCAP,5,09 BK ENDCAP 5,End Cap - BAck Side - Aisle 09 Level BK ENDCAP Position 5
09,BK ENDCAP,6,09 BK ENDCAP 6,End Cap - BAck Side - Aisle 09 Level BK ENDCAP Position 6
09,BK ENDCAP,7,09 BK ENDCAP 7,End Cap - BAck Side - Aisle 09 Level BK ENDCAP Position 7
09,BK ENDCAP,8,09 BK ENDCAP 8,End Cap - BAck Side - Aisle 09 Level BK ENDCAP Position 8
09,BK ENDCAP,9,09 BK ENDCAP 9,End Cap - BAck Side - Aisle 09 Level BK ENDCAP Position 9
ENG,01,01,ENG 01 01,Engineering - Aisle ENG Level 01 Position 01
ENG,01,02,ENG 01 02,Engineering - Aisle ENG Level 01 Position 02
ENG,01,03,ENG 01 03,Engineering - Aisle ENG Level 01 Position 03
ENG,01,04,ENG 01 04,Engineering - Aisle ENG Level 01 Position 04
ENG,01,05,ENG 01 05,Engineering - Aisle ENG Level 01 Position 05
ENG,01,06,ENG 01 06,Engineering - Aisle ENG Level 01 Position 06
ENG,01,07,ENG 01 07,Engineering - Aisle ENG Level 01 Position 07
ENG,01,08,ENG 01 08,Engineering - Aisle ENG Level 01 Position 08
ENG,01,09,ENG 01 09,Engineering - Aisle ENG Level 01 Position 09
ENG,01,10,ENG 01 10,Engineering - Aisle ENG Level 01 Position 10
ENG,01,11,ENG 01 11,Engineering - Aisle ENG Level 01 Position 11
ENG,01,12,ENG 01 12,Engineering - Aisle ENG Level 01 Position 12
ENG,01,13,ENG 01 13,Engineering - Aisle ENG Level 01 Position 13
ENG,01,14,ENG 01 14,Engineering - Aisle ENG Level 01 Position 14
ENG,01,15,ENG 01 15,Engineering - Aisle ENG Level 01 Position 15
ENG,01,16,ENG 01 16,Engineering - Aisle ENG Level 01 Position 16
ENG,01,17,ENG 01 17,Engineering - Aisle ENG Level 01 Position 17
ENG,01,18,ENG 01 18,Engineering - Aisle ENG Level 01 Position 18
ENG,02,01,ENG 02 01,Engineering - Aisle ENG Level 02 Position 01
ENG,02,02,ENG 02 02,Engineering - Aisle ENG Level 02 Position 02
ENG,02,03,ENG 02 03,Engineering - Aisle ENG Level 02 Position 03
ENG,02,04,ENG 02 04,Engineering - Aisle ENG Level 02 Position 04
ENG,02,05,ENG 02 05,Engineering - Aisle ENG Level 02 Position 05
ENG,02,06,ENG 02 06,Engineering - Aisle ENG Level 02 Position 06
ENG,02,07,ENG 02 07,Engineering - Aisle ENG Level 02 Position 07
ENG,02,08,ENG 02 08,Engineering - Aisle ENG Level 02 Position 08
ENG,02,09,ENG 02 09,Engineering - Aisle ENG Level 02 Position 09
ENG,02,10,ENG 02 10,Engineering - Aisle ENG Level 02 Position 10
ENG,02,11,ENG 02 11,Engineering - Aisle ENG Level 02 Position 11
ENG,02,12,ENG 02 12,Engineering - Aisle ENG Level 02 Position 12
ENG,02,13,ENG 02 13,Engineering - Aisle ENG Level 02 Position 13
ENG,02,14,ENG 02 14,Engineering - Aisle ENG Level 02 Position 14
ENG,02,15,ENG 02 15,Engineering - Aisle ENG Level 02 Position 15
ENG,02,16,ENG 02 16,Engineering - Aisle ENG Level 02 Position 16
ENG,02,17,ENG 02 17,Engineering - Aisle ENG Level 02 Position 17
ENG,02,18,ENG 02 18,Engineering - Aisle ENG Level 02 Position 18
ENG,03,01,ENG 03 01,Engineering - Aisle ENG Level 03 Position 01
ENG,03,02,ENG 03 02,Engineering - Aisle ENG Level 03 Position 02
ENG,03,03,ENG 03 03,Engineering - Aisle ENG Level 03 Position 03
ENG,03,04,ENG 03 04,Engineering - Aisle ENG Level 03 Position 04
ENG,03,05,ENG 03 05,Engineering - Aisle ENG Level 03 Position 05
ENG,03,06,ENG 03 06,Engineering - Aisle ENG Level 03 Position 06
ENG,03,07,ENG 03 07,Engineering - Aisle ENG Level 03 Position 07
ENG,03,08,ENG 03 08,Engineering - Aisle ENG Level 03 Position 08
ENG,03,09,ENG 03 09,Engineering - Aisle ENG Level 03 Position 09
ENG,03,10,ENG 03 10,Engineering - Aisle ENG Level 03 Position 10
ENG,03,11,ENG 03 11,Engineering - Aisle ENG Level 03 Position 11
ENG,03,12,ENG 03 12,Engineering - Aisle ENG Level 03 Position 12
ENG,03,13,ENG 03 13,Engineering - Aisle ENG Level 03 Position 13
ENG,03,14,ENG 03 14,Engineering - Aisle ENG Level 03 Position 14
ENG,03,15,ENG 03 15,Engineering - Aisle ENG Level 03 Position 15
ENG,03,16,ENG 03 16,Engineering - Aisle ENG Level 03 Position 16
ENG,03,17,ENG 03 17,Engineering - Aisle ENG Level 03 Position 17
ENG,03,18,ENG 03 18,Engineering - Aisle ENG Level 03 Position 18
ENG,04,01,ENG 04 01,Engineering - Aisle ENG Level 04 Position 01
ENG,04,02,ENG 04 02,Engineering - Aisle ENG Level 04 Position 02
ENG,04,03,ENG 04 03,Engineering - Aisle ENG Level 04 Position 03
ENG,04,04,ENG 04 04,Engineering - Aisle ENG Level 04 Position 04
ENG,04,05,ENG 04 05,Engineering - Aisle ENG Level 04 Position 05
ENG,04,06,ENG 04 06,Engineering - Aisle ENG Level 04 Position 06
ENG,04,07,ENG 04 07,Engineering - Aisle ENG Level 04 Position 07
ENG,04,08,ENG 04 08,Engineering - Aisle ENG Level 04 Position 08
ENG,04,09,ENG 04 09,Engineering - Aisle ENG Level 04 Position 09
ENG,04,10,ENG 04 10,Engineering - Aisle ENG Level 04 Position 10
ENG,04,11,ENG 04 11,Engineering - Aisle ENG Level 04 Position 11
ENG,04,12,ENG 04 12,Engineering - Aisle ENG Level 04 Position 12
ENG,04,13,ENG 04 13,Engineering - Aisle ENG Level 04 Position 13
ENG,04,14,ENG 04 14,Engineering - Aisle ENG Level 04 Position 14
ENG,04,15,ENG 04 15,Engineering - Aisle ENG Level 04 Position 15
ENG,04,16,ENG 04 16,Engineering - Aisle ENG Level 04 Position 16
ENG,04,17,ENG 04 17,Engineering - Aisle ENG Level 04 Position 17
ENG,04,18,ENG 04 18,Engineering - Aisle ENG Level 04 Position 18
ENG,05,01,ENG 05 01,Engineering - Aisle ENG Level 05 Position 01
ENG,05,02,ENG 05 02,Engineering - Aisle ENG Level 05 Position 02
ENG,05,03,ENG 05 03,Engineering - Aisle ENG Level 05 Position 03
ENG,05,04,ENG 05 04,Engineering - Aisle ENG Level 05 Position 04
ENG,05,05,ENG 05 05,Engineering - Aisle ENG Level 05 Position 05
ENG,05,06,ENG 05 06,Engineering - Aisle ENG Level 05 Position 06
ENG,05,07,ENG 05 07,Engineering - Aisle ENG Level 05 Position 07
ENG,05,08,ENG 05 08,Engineering - Aisle ENG Level 05 Position 08
ENG,05,09,ENG 05 09,Engineering - Aisle ENG Level 05 Position 09
ENG,05,10,ENG 05 10,Engineering - Aisle ENG Level 05 Position 10
ENG,05,11,ENG 05 11,Engineering - Aisle ENG Level 05 Position 11
ENG,05,12,ENG 05 12,Engineering - Aisle ENG Level 05 Position 12
ENG,05,13,ENG 05 13,Engineering - Aisle ENG Level 05 Position 13
ENG,05,14,ENG 05 14,Engineering - Aisle ENG Level 05 Position 14
ENG,05,15,ENG 05 15,Engineering - Aisle ENG Level 05 Position 15
ENG,05,16,ENG 05 16,Engineering - Aisle ENG Level 05 Position 16
ENG,05,17,ENG 05 17,Engineering - Aisle ENG Level 05 Position 17
ENG,05,18,ENG 05 18,Engineering - Aisle ENG Level 05 Position 18
ENG,06,01,ENG 06 01,Engineering - Aisle ENG Level 06 Position 01
ENG,06,02,ENG 06 02,Engineering - Aisle ENG Level 06 Position 02
ENG,06,03,ENG 06 03,Engineering - Aisle ENG Level 06 Position 03
ENG,06,04,ENG 06 04,Engineering - Aisle ENG Level 06 Position 04
ENG,06,05,ENG 06 05,Engineering - Aisle ENG Level 06 Position 05
ENG,06,06,ENG 06 06,Engineering - Aisle ENG Level 06 Position 06
ENG,06,07,ENG 06 07,Engineering - Aisle ENG Level 06 Position 07
ENG,06,08,ENG 06 08,Engineering - Aisle ENG Level 06 Position 08
ENG,06,09,ENG 06 09,Engineering - Aisle ENG Level 06 Position 09
ENG,06,10,ENG 06 10,Engineering - Aisle ENG Level 06 Position 10
ENG,06,11,ENG 06 11,Engineering - Aisle ENG Level 06 Position 11
ENG,06,12,ENG 06 12,Engineering - Aisle ENG Level 06 Position 12
ENG,06,13,ENG 06 13,Engineering - Aisle ENG Level 06 Position 13
ENG,06,14,ENG 06 14,Engineering - Aisle ENG Level 06 Position 14
ENG,06,15,ENG 06 15,Engineering - Aisle ENG Level 06 Position 15
ENG,06,16,ENG 06 16,Engineering - Aisle ENG Level 06 Position 16
ENG,06,17,ENG 06 17,Engineering - Aisle ENG Level 06 Position 17
ENG,06,18,ENG 06 18,Engineering - Aisle ENG Level 06 Position 18
ENG,07,01,ENG 07 01,Engineering - Aisle ENG Level 07 Position 01
ENG,07,02,ENG 07 02,Engineering - Aisle ENG Level 07 Position 02
ENG,07,03,ENG 07 03,Engineering - Aisle ENG Level 07 Position 03
ENG,07,04,ENG 07 04,Engineering - Aisle ENG Level 07 Position 04
ENG,07,05,ENG 07 05,Engineering - Aisle ENG Level 07 Position 05
ENG,07,06,ENG 07 06,Engineering - Aisle ENG Level 07 Position 06
ENG,07,07,ENG 07 07,Engineering - Aisle ENG Level 07 Position 07
ENG,07,08,ENG 07 08,Engineering - Aisle ENG Level 07 Position 08
ENG,07,09,ENG 07 09,Engineering - Aisle ENG Level 07 Position 09
ENG,07,10,ENG 07 10,Engineering - Aisle ENG Level 07 Position 10
ENG,07,11,ENG 07 11,Engineering - Aisle ENG Level 07 Position 11
ENG,07,12,ENG 07 12,Engineering - Aisle ENG Level 07 Position 12
ENG,07,13,ENG 07 13,Engineering - Aisle ENG Level 07 Position 13
ENG,07,14,ENG 07 14,Engineering - Aisle ENG Level 07 Position 14
ENG,07,15,ENG 07 15,Engineering - Aisle ENG Level 07 Position 15
ENG,07,16,ENG 07 16,Engineering - Aisle ENG Level 07 Position 16
ENG,07,17,ENG 07 17,Engineering - Aisle ENG Level 07 Position 17
ENG,07,18,ENG 07 18,Engineering - Aisle ENG Level 07 Position 18
ENG,08,01,ENG 08 01,Engineering - Aisle ENG Level 08 Position 01
ENG,08,02,ENG 08 02,Engineering - Aisle ENG Level 08 Position 02
ENG,08,03,ENG 08 03,Engineering - Aisle ENG Level 08 Position 03
ENG,08,04,ENG 08 04,Engineering - Aisle ENG Level 08 Position 04
ENG,08,05,ENG 08 05,Engineering - Aisle ENG Level 08 Position 05
ENG,08,06,ENG 08 06,Engineering - Aisle ENG Level 08 Position 06
ENG,08,07,ENG 08 07,Engineering - Aisle ENG Level 08 Position 07
ENG,08,08,ENG 08 08,Engineering - Aisle ENG Level 08 Position 08
ENG,08,09,ENG 08 09,Engineering - Aisle ENG Level 08 Position 09
ENG,08,10,ENG 08 10,Engineering - Aisle ENG Level 08 Position 10
ENG,08,11,ENG 08 11,Engineering - Aisle ENG Level 08 Position 11
ENG,08,12,ENG 08 12,Engineering - Aisle ENG Level 08 Position 12
ENG,08,13,ENG 08 13,Engineering - Aisle ENG Level 08 Position 13
ENG,08,14,ENG 08 14,Engineering - Aisle ENG Level 08 Position 14
ENG,08,15,ENG 08 15,Engineering - Aisle ENG Level 08 Position 15
ENG,08,16,ENG 08 16,Engineering - Aisle ENG Level 08 Position 16
ENG,08,17,ENG 08 17,Engineering - Aisle ENG Level 08 Position 17
ENG,08,18,ENG 08 18,Engineering - Aisle ENG Level 08 Position 18
ENG,HW,01,ENG HW 01,Engineering endcap - Aisle ENG Level HW Position 01
ENG,HW,02,ENG HW 02,Engineering endcap - Aisle ENG Level HW Position 02
ENG,HW,03,ENG HW 03,Engineering endcap - Aisle ENG Level HW Position 03
ENG,HW,04,ENG HW 04,Engineering endcap - Aisle ENG Level HW Position 04
ENG,HW,05,ENG HW 05,Engineering endcap - Aisle ENG Level HW Position 05
ENG,HW,06,ENG HW 06,Engineering endcap - Aisle ENG Level HW Position 06
ENG,HW,07,ENG HW 07,Engineering endcap - Aisle ENG Level HW Position 07
ENG,HW,08,ENG HW 08,Engineering endcap - Aisle ENG Level HW Position 08
ENG,HW,09,ENG HW 09,Engineering endcap - Aisle ENG Level HW Position 09
